{
    "00001_heart.png": {
        "x": -0.1375,
        "y": -0.111111
    },
    "00002_heart.png": {
        "x": -0.0875,
        "y": -0.263888888888889
    },
    "00003_heart.png": {
        "x": 0.028125,
        "y": -0.227777777777778
    },
    "00004_heart.png": {
        "x": -0.25,
        "y": -0.227777777777778
    },
    "00005_heart.png": {
        "x": -0.003125,
        "y": 0.422222222222222
    }
}
